Model,N_turns,N_failures,C_index
llama_33,3656,377,0.7968252108716026
gemini_25,4712,78,0.773377250941796
deepseek_r1,4184,344,0.8005014616335633
CARG,4328,68,0.7497216655533289
mistral_large,3640,269,0.7942530931007407
gpt_default,4376,134,0.7539822800320467
llama_4_scout,3872,385,0.7694851254357422
claude_35,4744,453,0.7596476510067114
llama_4_maverick,3448,174,0.7779701446598953
qwen_max,4072,252,0.7804090537223889
