Model,N_turns,N_failures,C_index
claude_35,4744,453,0.7596476510067114
deepseek_r1,4184,344,0.8005014616335633
gemini_25,4808,52,0.8108072400581319
gpt_default,4376,134,0.7539822800320467
gpt_oss,4328,122,0.7667454873223609
llama_33,3656,377,0.7968252108716026
llama_4_maverick,3448,174,0.7779701446598953
llama_4_scout,3872,385,0.7694851254357422
mistral_large,3640,269,0.7942530931007407
qwen_3,4512,205,0.7736994346320726
qwen_max,4072,252,0.7804090537223889
