Model,N_turns,N_failures,C_index
claude_35,4744,453,0.4763119186516881
deepseek_r1,4184,344,0.5352635462171419
gemini_25,4808,52,0.7052703157700154
gpt_default,4376,134,0.5510516041987618
gpt_oss,4328,122,0.3460544559891119
llama_33,3656,377,0.3711701885195194
llama_4_maverick,3448,174,0.6838465919878489
llama_4_scout,3872,385,0.3615369718033405
mistral_large,3640,269,0.3636493555599884
qwen_3,4512,205,0.4430023741890868
qwen_max,4072,252,0.4837664201452339
